Protease name,Cleavage pattern,Nterm modif,Cterm modif
TRYPSIN,[KR]|[^P],,
CASPASE_1,[FWYL]X[HAT]D|[^PEDQKR],,
CASPASE_2,DVAD|[^PEDQKR],,
CASPASE_3,DMQD|[^PEDQKR],,
CASPASE_4,LEVD|[^PEDQKR],,
CASPASE_5,[LW]EHD|X,,
CASPASE_6,VE[HI]D|[^PEDQKR],,
CASPASE_7,DEVD|[^PEDQKR],,
CASPASE_8,[IL]ETD|[^PEDQKR],,
CASPASE_9,LEHD|X,,
CASPASE_10,IEAD|X,,
CHYMOTRYPSIN_FYLW,[FYLW]|[^P],,
CHYMOTRYPSIN_FYL,[FYL]|[^P],,
CHYMOTRYPSIN_HIGH_SPEC,[FY]|[^P] or W|[^MP],,
CHYMOTRYPSIN_LOW_SPEC,[FLY]|[^P] or W|[^MP] or M|[^PY] or H|[^DMPW],,
ENTEROKINASE,[DE][DE][DE]K|X,,
LYS_C,K|X,,
ARG_C,R|X,,
CNBR,M|X,,C-1H-4S-1(+)
ASP_N,X|D,,
BNPS_SKATOLE,W|X,,
GLU_C_BICARBONATE,E|[^PE],,
GLU_C_PHOSPHATE,[DE]|[^PE],,
PEPSINE_PH_1_3,ont{[^HKR]}ont{[^P]}[FL]|[X]oct{[^P]} or ont{[^HKR]}ont{[^P]}[^R]|[FL]oct{[^P]},,
PEPSINE_PH_GT_2,ont{[^HKR]}ont{[^P]}[FLWY]|[X]oct{[^P]} or ont{[^HKR]}ont{[^P]}[^R]|[FLWY]oct{[^P]},,
PROTEINASE_K,[AEFILTVWY]|X,,
THERMOLYSINE,[^DE]|[AFILMV],,